{
    "performance": {
        "after_training": {
            "test_acc": 0.8023,
            "classwise_acc": {
                "0": 0.907,
                "1": 0.95,
                "2": 0.68,
                "3": 0.628,
                "4": 0.787,
                "5": 0.759,
                "6": 0.933,
                "7": 0.768,
                "8": 0.845,
                "9": 0.766
            },
            "clientwise_acc": {
                "0": 81.71715361175838,
                "1": 86.73671689135607,
                "2": 91.00239479986315,
                "3": 90.61592097617664,
                "4": 89.12974683544303,
                "5": 76.28065064336003,
                "6": 86.27477416745315,
                "7": 93.7242549067119,
                "8": 92.61983261476033,
                "9": 86.55094552639007
            }
        },
        "after_fair_vue": {
            "test_acc": 0.7552,
            "classwise_acc": {
                "0": 0.933,
                "1": 0.938,
                "2": 0.693,
                "3": 0.291,
                "4": 0.659,
                "5": 0.793,
                "6": 0.962,
                "7": 0.778,
                "8": 0.767,
                "9": 0.738
            },
            "clientwise_acc": {
                "0": 77.12851765549381,
                "1": 79.77795400475813,
                "2": 86.99965788573384,
                "3": 88.4950610110401,
                "4": 87.94303797468355,
                "5": 53.8965768390386,
                "6": 87.4747202372927,
                "7": 90.8408044584444,
                "8": 90.97134161805732,
                "9": 72.5373976855772
            }
        }
    },
    "mia_attack": {},
    "config": {
        "exp_name": "cifar10_allcnn",
        "exp_path": "./experiments/",
        "model": "allcnn",
        "pretrained": false,
        "dataset": "cifar10",
        "optimizer": "sgd",
        "lr": 0.03,
        "momentum": 0.9,
        "weight_decay": 0.0001,
        "batch_size": 128,
        "num_local_epochs": 1,
        "num_training_iterations": 40,
        "num_participating_clients": -1,
        "baselines": [
            "fair_vue"
        ],
        "fair_rank_k": 12,
        "fair_tau_mode": "median",
        "fair_fisher_batches": 10,
        "fair_vue_debug": true,
        "fair_erase_scale": 0.2,
        "skip_retraining": true,
        "apply_backdoor": false,
        "backdoor_position": "corner",
        "num_backdoor_samples_per_forget_client": 10,
        "backdoor_label": 0,
        "apply_membership_inference": false,
        "attack_type": "blackbox",
        "apply_label_poisoning": false,
        "num_label_poison_samples": 10,
        "forget_clients": [
            5
        ],
        "total_num_clients": 10,
        "client_data_distribution": "dirichlet",
        "dampening_constant": 0.5,
        "dampening_upper_bound": 0.5,
        "ratio_cutoff": 0.5,
        "device": "cuda",
        "seed": 42,
        "verbose": true,
        "num_workers": 0,
        "unlearn_only": true,
        "full_training_dir": "./experiments/cifar10_allcnn/full_training",
        "global_ckpt": "",
        "fim_max_batches": 2,
        "fim_max_passes": 1,
        "fim_mode": "prob",
        "fim_topk": null,
        "fim_ratio_cutoff": 1.0,
        "fim_gamma": 0.2,
        "fim_upper_bound": 1.0,
        "finetune_epochs": 0,
        "finetune_lr": 0.001,
        "finetune_wd": 0.0,
        "global_weight": "",
        "output_weight_path": "",
        "heal": true,
        "heal_steps": 5,
        "heal_lr": 0.0001,
        "heal_T": 2.0,
        "heal_lambda_kd": 0.25,
        "heal_lambda_ortho": 0.001,
        "heal_teacher": "post",
        "no_heal_grad_proj": false,
        "heal_shuffle": false,
        "heal_batch_size": null
    }
}